"chr","pos","fst","x","label"
1,1,0.0565927936265226,1,""
1,2,0.0164529968973839,2,""
1,3,0.0407550203816741,3,""
1,4,0.00566215661022541,4,""
1,5,0.105992508397632,5,""
1,6,0.0419029318214578,6,""
1,7,0.00871472813074107,7,""
1,8,0.0070542637127159,8,""
1,9,0.0945006683080342,9,""
1,10,0.0238506670623376,10,""
1,11,0.0171941611013224,11,""
1,12,0.0424537413216099,12,""
1,13,0.0266198280633554,13,""
1,14,0.0789246857503807,14,""
1,15,0.00694357766107479,15,""
1,16,0.00715821296786977,16,""
1,17,0.0374788816630395,17,""
1,18,0.0181924386731777,18,""
1,19,0.0154877346005258,19,""
1,20,0.0761966880241407,20,""
1,21,0.00704505085216503,21,""
1,22,0.181650774748577,22,""
1,23,0.0317636814400175,23,""
1,24,0.0916645745628316,24,""
1,25,0.0303571321501451,25,""
1,26,0.00331388917625147,26,""
1,27,0.0112480063622718,27,""
1,28,0.0218156917219021,28,""
1,29,0.0221461750105348,29,""
1,30,0.0313244327317359,30,""
1,31,0.0548239916518617,31,""
1,32,0.0138808287309686,32,""
1,33,0.0271882533576099,33,""
1,34,0.0402134886437864,34,""
1,35,0.0507543976304309,35,""
1,36,0.0366760577394099,36,""
1,37,0.0731218207891465,37,""
1,38,0.0172634095405287,38,""
1,39,0.00745105451178885,39,""
1,40,0.00383538933522126,40,""
1,41,0.033819236510514,41,""
1,42,0.045799127779041,42,""
1,43,0.0525543392883905,43,""
1,44,0.0827112204018969,44,""
1,45,0.00856121648383127,45,""
1,46,0.00329986681750164,46,""
1,47,0.0248803841951176,47,""
1,48,0.0519126866241422,48,""
1,49,0.0291037572584469,49,""
1,50,0.0108332583338578,50,""
1,51,0.0826346166351236,51,""
1,52,0.0231749588324196,52,""
1,53,0.0213629409005574,53,""
1,54,0.0383444113596034,54,""
1,55,0.0171975676128031,55,""
1,56,0.0258383181292008,56,""
1,57,0.0152586171250709,57,""
1,58,0.0300045436735466,58,""
1,59,0.211431179730885,59,""
1,60,0.0368295371967473,60,""
1,61,0.0387215586284817,61,""
1,62,0.285992520526544,62,""
1,63,0.0279094442822498,63,""
1,64,0.025294984113891,64,""
1,65,0.0142844478014549,65,""
1,66,0.00168393061676927,66,""
1,67,0.135006749585749,67,""
1,68,0.0449025599779407,68,""
1,69,0.00299227442927551,69,""
1,70,0.00874258940002568,70,""
1,71,0.045296743893989,71,""
1,72,0.0441979730517231,72,""
1,73,0.0115989223051884,73,""
1,74,0.0395743427747926,74,""
1,75,0.0358850734925537,75,""
1,76,0.0923284932918199,76,""
1,77,0.0430588786912777,77,""
1,78,0.043157183892224,78,""
1,79,0.07076923756676,79,""
1,80,0.162388102047102,80,""
1,81,0.150007845507003,81,""
1,82,0.239569218690198,82,""
1,83,0.218620297309699,83,""
1,84,0.397342303992293,84,""
1,85,0.380152349490442,85,""
1,86,0.491947114026049,86,""
1,87,0.558830902531544,87,""
1,88,0.636344292654002,88,""
1,89,0.703235650378644,89,""
1,90,0.780333004316195,90,""
1,91,0.81482559960294,91,""
1,92,0.849303704695568,92,"Platten"
1,93,0.796903491045655,93,""
1,94,0.823769192336343,94,""
1,95,0.868554342072405,95,""
1,96,0.710506610423063,96,""
1,97,0.684753915571808,97,""
1,98,0.47954702762236,98,""
1,99,0.360006520568233,99,""
1,100,0.287252169214723,100,""
1,101,0.323162769597023,101,""
1,102,0.256181745145599,102,""
1,103,0.113270426209884,103,""
1,104,0.11931927238739,104,""
1,105,0.051259352776214,105,""
1,106,0.0840608368953983,106,""
1,107,0.0990059265839869,107,""
1,108,0.0302664522350823,108,""
1,109,0.00942770931135167,109,""
1,110,0.0112074166811577,110,""
1,111,0.0295317833725951,111,""
1,112,0.00826346839229334,112,""
1,113,0.0301424444807656,113,""
1,114,0.00293318128834328,114,""
1,115,0.0743464586268772,115,""
1,116,0.0702802103260271,116,""
1,117,0.074116420871335,117,""
1,118,0.0144855409393531,118,""
1,119,0.031024376271353,119,""
1,120,0.00183651785831854,120,""
1,121,0.114709819996161,121,""
1,122,0.0347125344336504,122,""
1,123,0.0519597649573086,123,""
1,124,0.128913213417891,124,""
1,125,0.00276321697654714,125,""
1,126,0.0473299025964066,126,""
1,127,0.0659499505194594,127,""
1,128,0.0413922073636162,128,""
1,129,0.0335784331500039,129,""
1,130,0.00766892991608285,130,""
1,131,0.0689415021891198,131,""
1,132,0.0422754755059936,132,""
1,133,0.0350445469215874,133,""
1,134,0.0453958145998369,134,""
1,135,0.00926793925719177,135,""
1,136,0.0268266621792183,136,""
1,137,0.0373374895060335,137,""
1,138,0.0674988469079842,138,""
1,139,0.0149059590579584,139,""
1,140,0.000844568522063968,140,""
1,141,0.0212360837728536,141,""
1,142,0.0181737277754234,142,""
1,143,0.0136210694217361,143,""
1,144,0.0366162479018371,144,""
1,145,0.0203845199915336,145,""
1,146,0.0106524282279517,146,""
1,147,0.0160361633329016,147,""
1,148,0.000531404389562376,148,""
1,149,0.00442928779635095,149,""
1,150,0.0228333704907961,150,""
1,151,0.0787111527151874,151,""
1,152,0.026500610982931,152,""
1,153,0.0553620770946339,153,""
1,154,0.0101167395014044,154,""
1,155,0.00935224734280411,155,""
1,156,0.0615357194138274,156,""
1,157,0.0479621749895904,157,""
1,158,0.0221437723650074,158,""
1,159,0.0396738331942616,159,""
1,160,0.0147783748017355,160,""
1,161,0.0209634881215374,161,""
1,162,0.00814553994200268,162,""
1,163,0.104162184287006,163,""
1,164,0.0422847704742094,164,""
1,165,0.021121492598601,165,""
1,166,0.0454988427312346,166,""
1,167,0.041394687588825,167,""
1,168,0.131511881116377,168,""
1,169,0.0415962336180344,169,""
1,170,0.0341186706489008,170,""
1,171,0.000113824607092916,171,""
1,172,0.0504998319274396,172,""
1,173,0.0294274986084488,173,""
1,174,0.0212528276007234,174,""
1,175,0.0279476878530534,175,""
1,176,0.023834649464608,176,""
1,177,0.0654745204858841,177,""
1,178,0.00420071949487007,178,""
1,179,0.0154914031953497,179,""
1,180,0.0181034751589362,180,""
1,181,0.0782441098221958,181,""
1,182,0.0293723530717668,182,""
1,183,0.0219033868603972,183,""
1,184,0.000520731279218134,184,""
1,185,0.0316886486831322,185,""
1,186,0.0285184022084348,186,""
1,187,0.0504051145878537,187,""
1,188,0.143994317095362,188,""
1,189,0.00320591007201414,189,""
1,190,0.0133098097960353,190,""
1,191,0.0289764589447265,191,""
1,192,0.0527380434371903,192,""
1,193,0.0430007406118005,193,""
1,194,0.00366160037651285,194,""
1,195,0.0392586694313946,195,""
1,196,0.0163230391665928,196,""
1,197,0.0290156989982481,197,""
1,198,0.00378434691317534,198,""
1,199,0.107361560786269,199,""
1,200,0.00666360039879529,200,""
1,201,0.0761286411363277,201,""
1,202,0.0081155017933966,202,""
1,203,0.0151841470173668,203,""
1,204,0.0210513216166225,204,""
1,205,0.0174608643866162,205,""
1,206,0.102664008587112,206,""
1,207,0.031858468457542,207,""
1,208,0.00927665989647907,208,""
1,209,0.0216044638183063,209,""
1,210,0.0109436038288857,210,""
1,211,0.0360327007679129,211,""
1,212,0.017599449101661,212,""
1,213,0.0385767657906571,213,""
1,214,0.0778664838344789,214,""
1,215,0.0224354890538765,215,""
1,216,0.0134094809370534,216,""
1,217,0.0688167969767925,217,""
1,218,0.0373798860057105,218,""
1,219,0.00592021107211818,219,""
1,220,0.103497806064639,220,""
1,221,0.012022603342938,221,""
1,222,0.0206120867973376,222,""
1,223,0.00853412102892785,223,""
1,224,0.0451158637622951,224,""
1,225,0.0130966689664067,225,""
1,226,0.00233243267822632,226,""
1,227,0.00480057274481482,227,""
1,228,0.0602736383607711,228,""
1,229,0.00725975020306844,229,""
1,230,0.0693031761088458,230,""
1,231,0.0176427076787496,231,""
1,232,0.0194823087168717,232,""
1,233,0.0273987869711024,233,""
1,234,0.0175313796727607,234,""
1,235,0.194776115395891,235,""
1,236,0.0156365713790717,236,""
1,237,0.0403458741593603,237,""
1,238,0.0341365321693334,238,""
1,239,0.0162345744997194,239,""
1,240,0.0624873013294698,240,""
1,241,0.117777754286006,241,""
1,242,0.00380595928344954,242,""
1,243,0.0746771415456864,243,""
1,244,0.157295845244721,244,""
1,245,0.0161283924560798,245,""
1,246,0.0387294902008297,246,""
1,247,0.0188962068829756,247,""
1,248,0.0168012250196761,248,""
1,249,0.0150570793008996,249,""
1,250,0.00905756326436768,250,""
1,251,0.0414827643142473,251,""
1,252,0.0464973840052953,252,""
1,253,0.0137615855612135,253,""
1,254,0.034377422647595,254,""
1,255,0.0214066581195806,255,""
1,256,0.0535337368022396,256,""
1,257,0.00471005401067819,257,""
1,258,0.0152169791719607,258,""
1,259,0.0838435006424614,259,""
1,260,0.0300152925433306,260,""
1,261,0.00300888745638671,261,""
1,262,0.0293146322871689,262,""
1,263,0.0865708478800071,263,""
1,264,0.0349448346401706,264,""
1,265,0.0182471010486963,265,""
1,266,0.00547081904497223,266,""
1,267,0.0363695205326618,267,""
1,268,0.0148413057341728,268,""
1,269,0.00994256868711401,269,""
1,270,0.0541420087734886,270,""
1,271,0.163065953828387,271,""
1,272,0.0203435980556388,272,""
1,273,0.0296605814529676,273,""
1,274,0.0373431761919762,274,""
1,275,0.00377733909794691,275,""
1,276,0.0429718784778851,276,""
1,277,0.0111818891499514,277,""
1,278,0.0385350244130425,278,""
1,279,0.000959741319515329,279,""
1,280,0.0590731351510855,280,""
2,1,0.0507975779407826,299,""
2,2,0.00360327819852162,300,""
2,3,0.0151813872814487,301,""
2,4,0.0302486595290732,302,""
2,5,0.00188764220788675,303,""
2,6,0.0480428341346998,304,""
2,7,0.0219629041805038,305,""
2,8,0.01612632287553,306,""
2,9,0.0567701567797184,307,""
2,10,0.0128755293509304,308,""
2,11,0.0158895493436966,309,""
2,12,0.0227894395588571,310,""
2,13,0.0797324465402114,311,""
2,14,0.00221739375668163,312,""
2,15,0.0149334821239658,313,""
2,16,0.0290446746681333,314,""
2,17,0.0745400247086895,315,""
2,18,0.0123444254384957,316,""
2,19,0.0338989809672481,317,""
2,20,0.0242714328990205,318,""
2,21,0.0478161879043104,319,""
2,22,0.00432749995963933,320,""
2,23,0.187774056840631,321,""
2,24,0.0244639745275197,322,""
2,25,0.00951868001953082,323,""
2,26,0.011973507557193,324,""
2,27,0.0982026638109975,325,""
2,28,0.0383721421189451,326,""
2,29,0.0358220775269105,327,""
2,30,0.0661373115869328,328,""
2,31,0.0326014318218506,329,""
2,32,0.00398983656419149,330,""
2,33,0.0257392297057295,331,""
2,34,0.00715164941161902,332,""
2,35,0.0684376103757678,333,""
2,36,0.0658588753014163,334,""
2,37,0.00263969535785142,335,""
2,38,0.0930012775186798,336,""
2,39,0.137852428711614,337,""
2,40,0.0808399831265589,338,""
2,41,0.0494967897255765,339,""
2,42,0.0446007285426016,340,""
2,43,0.0854986754044248,341,""
2,44,0.0157144323985807,342,""
2,45,0.0569836565934594,343,""
2,46,0.00897370548469785,344,""
2,47,0.00648511943834833,345,""
2,48,0.111083240326412,346,""
2,49,0.073576758640664,347,""
2,50,0.0335385557716286,348,""
2,51,0.00802674475429998,349,""
2,52,0.0262776062903439,350,""
2,53,0.0377295977038182,351,""
2,54,0.0148283649021221,352,""
2,55,0.0283875463613996,353,""
2,56,0.0305896098509679,354,""
2,57,0.0056840008112922,355,""
2,58,0.0341349197682074,356,""
2,59,0.0344884881457202,357,""
2,60,0.0230443092340759,358,""
2,61,0.104995938747069,359,""
2,62,0.0736714345429364,360,""
2,63,0.0700429228166547,361,""
2,64,0.0193957029167682,362,""
2,65,0.00571298771823712,363,""
2,66,0.0257161046904222,364,""
2,67,0.0447567957120765,365,""
2,68,0.0838522090221239,366,""
2,69,0.00217778368346019,367,""
2,70,0.0340140285485759,368,""
2,71,0.0196252380781366,369,""
2,72,0.00295169740567289,370,""
2,73,0.0153850092524089,371,""
2,74,0.0649944039918562,372,""
2,75,0.0155392421456566,373,""
2,76,0.0133444609884337,374,""
2,77,0.0977530749485393,375,""
2,78,0.00607692721195005,376,""
2,79,0.0235441729983604,377,""
2,80,0.0799624644727113,378,""
2,81,0.0176119434898779,379,""
2,82,0.0213806341684558,380,""
2,83,0.0271728901999067,381,""
2,84,0.0392168229322841,382,""
2,85,0.0318307155619562,383,""
2,86,0.012707129081956,384,""
2,87,0.0198239117291492,385,""
2,88,0.103424313393471,386,""
2,89,0.0269991930318633,387,""
2,90,0.00608824722920482,388,""
2,91,0.0507480573169326,389,""
2,92,0.00541133148598628,390,""
2,93,0.0353121518825891,391,""
2,94,0.0319920692540715,392,""
2,95,0.0129964871248096,393,""
2,96,0.00843156446430609,394,""
2,97,0.0204410503489919,395,""
2,98,0.0346172206736726,396,""
2,99,0.0225486838994416,397,""
2,100,0.0282010579438413,398,""
2,101,0.0136854327939638,399,""
2,102,0.0467024452968876,400,""
2,103,0.00901626447356881,401,""
2,104,0.0238541003008891,402,""
2,105,0.0141849229427314,403,""
2,106,0.018852001770772,404,""
2,107,0.13222571187598,405,""
2,108,0.0985070153659324,406,""
2,109,0.0170773648401733,407,""
2,110,0.0288490968174417,408,""
2,111,0.0219268400317859,409,""
2,112,0.00982309380061988,410,""
2,113,0.007797096649657,411,""
2,114,0.0379210257652233,412,""
2,115,0.0298532678311333,413,""
2,116,0.0209017938600308,414,""
2,117,0.0273888947760302,415,""
2,118,0.0124143122213771,416,""
2,119,0.00780995142319296,417,""
2,120,0.0524473280673085,418,""
2,121,0.0290424825260778,419,""
2,122,0.0247598708002732,420,""
2,123,0.0575610867121056,421,""
2,124,0.0629558307605401,422,""
2,125,0.0252977400466686,423,""
2,126,0.023999750025314,424,""
2,127,0.0322833308986728,425,""
2,128,0.0509993748763055,426,""
2,129,0.078030785080734,427,""
2,130,0.0384631367294979,428,""
2,131,0.06853227973649,429,""
2,132,0.132557819220091,430,""
2,133,0.061059472633026,431,""
2,134,0.137203428799754,432,""
2,135,0.0840043260233518,433,""
2,136,0.106225012433293,434,""
2,137,0.139147085168614,435,""
2,138,0.202217636129497,436,""
2,139,0.208426558476271,437,""
2,140,0.240919326378954,438,""
2,141,0.306564168391309,439,""
2,142,0.331956614985311,440,""
2,143,0.353977701197576,441,""
2,144,0.37526163583893,442,""
2,145,0.407593114000094,443,""
2,146,0.472304695564648,444,""
2,147,0.440347993548469,445,""
2,148,0.433004454578656,446,""
2,149,0.466338246124422,447,""
2,150,0.450454430850893,448,""
2,151,0.386889279259652,449,""
2,152,0.359233496066744,450,""
2,153,0.35572471938096,451,""
2,154,0.351054573078438,452,""
2,155,0.266919318249097,453,""
2,156,0.224436162285552,454,""
2,157,0.246942115861278,455,""
2,158,0.16355362100397,456,""
2,159,0.128544565328276,457,""
2,160,0.186913204823208,458,""
2,161,0.0997633162851395,459,""
2,162,0.0783606762280922,460,""
2,163,0.0820559993114408,461,""
2,164,0.0387552918792204,462,""
2,165,0.0482467337862791,463,""
2,166,0.039064198965191,464,""
2,167,0.0799391043039837,465,""
2,168,0.0151357318473366,466,""
2,169,0.0203798806703127,467,""
2,170,0.0414878229997562,468,""
2,171,0.0601710979708466,469,""
2,172,0.0204462283120258,470,""
2,173,0.0135007514448959,471,""
2,174,0.00270099890021722,472,""
2,175,0.0118085259869047,473,""
2,176,0.0104912315558523,474,""
2,177,0.0467857456378858,475,""
2,178,0.077932602506214,476,""
2,179,0.0326366765210691,477,""
2,180,0.0034029847712333,478,""
2,181,0.0189802616479925,479,""
2,182,0.0336371706845399,480,""
2,183,0.0372842744490091,481,""
2,184,0.0684076886368181,482,""
2,185,0.058847930901302,483,""
2,186,0.0119615282986063,484,""
2,187,1.83728951011055e-07,485,""
2,188,0.00256705395901428,486,""
2,189,0.0653918381072987,487,""
2,190,0.070325939827732,488,""
2,191,0.0103174659719016,489,""
2,192,0.0233772823400244,490,""
2,193,0.0453438164371636,491,""
2,194,0.000451067882678126,492,""
2,195,0.0206842768744336,493,""
2,196,0.0373447084588551,494,""
2,197,0.0314186637599544,495,""
2,198,0.0105217305642443,496,""
2,199,0.0522360162131208,497,""
2,200,0.000166505632891325,498,""
2,201,0.0223855130744015,499,""
2,202,0.00974876300585478,500,""
2,203,0.110437852308515,501,""
2,204,0.0132817381004081,502,""
2,205,0.0116928873071557,503,""
2,206,0.112951845234568,504,""
2,207,0.0350063105208288,505,""
2,208,0.0952841657662588,506,""
2,209,0.0133699501099332,507,""
2,210,0.0638400839377338,508,""
2,211,0.030918971255881,509,""
2,212,0.00102160165486579,510,""
2,213,0.0575440503401866,511,""
2,214,0.0779262266778612,512,""
2,215,0.112455595128717,513,""
2,216,0.0430333976129155,514,""
2,217,0.121824134969985,515,""
2,218,0.132646311047339,516,""
2,219,0.0540259078191515,517,""
2,220,0.0266454639203859,518,""
3,1,0.0115020810409246,537,""
3,2,0.112429527881559,538,""
3,3,0.04782008888905,539,""
3,4,0.0135447430078814,540,""
3,5,0.076834372529466,541,""
3,6,0.0750728647019057,542,""
3,7,0.0672056869866738,543,""
3,8,0.00638966976942558,544,""
3,9,0.0945997275826314,545,""
3,10,0.0477356920161411,546,""
3,11,0.0412150230112998,547,""
3,12,0.0291799029855131,548,""
3,13,0.107157267993556,549,""
3,14,0.0162507759236462,550,""
3,15,0.00621840379622022,551,""
3,16,0.0314523235185674,552,""
3,17,0.00564144762133812,553,""
3,18,0.0631381169928243,554,""
3,19,0.0514440633162155,555,""
3,20,0.087059216582828,556,""
3,21,0.0298583941849802,557,""
3,22,0.0410487833609497,558,""
3,23,0.0794707255812092,559,""
3,24,0.0164291701182201,560,""
3,25,0.0128720865481681,561,""
3,26,0.0132113826997103,562,""
3,27,0.0254576666008955,563,""
3,28,0.00199043478772813,564,""
3,29,0.0585376146944091,565,""
3,30,0.208175202617099,566,""
3,31,0.0166542362163861,567,""
3,32,0.00162312472291165,568,""
3,33,0.0636626000954396,569,""
3,34,0.00501273638167784,570,""
3,35,0.0182977578361165,571,""
3,36,0.0491742838892288,572,""
3,37,0.0460200931453039,573,""
3,38,0.0804462059209007,574,""
3,39,0.0348463050060988,575,""
3,40,0.0363572282973854,576,""
3,41,0.0747050906348773,577,""
3,42,0.0095674552923049,578,""
3,43,0.070263396666866,579,""
3,44,0.0317234020736595,580,""
3,45,0.0549399158027677,581,""
3,46,0.0196172731181882,582,""
3,47,0.014037217569392,583,""
3,48,0.0186130783429395,584,""
3,49,0.0605698113046991,585,""
3,50,0.0350759749266145,586,""
3,51,0.0323655581408333,587,""
3,52,0.0694852798607597,588,""
3,53,0.0813886482981238,589,""
3,54,0.0137458184797511,590,""
3,55,0.0314479444855596,591,""
3,56,0.115979809544133,592,""
3,57,0.0147108546129844,593,""
3,58,0.0382134312185078,594,""
3,59,0.0566718400536611,595,""
3,60,0.0712725225418047,596,""
3,61,0.193845681096272,597,""
3,62,0.180895277976682,598,""
3,63,0.223143527622368,599,""
3,64,0.314996500004159,600,""
3,65,0.437144048944865,601,""
3,66,0.591165921311752,602,""
3,67,0.598654653938952,603,""
3,68,0.694415041347747,604,""
3,69,0.736832630531688,605,""
3,70,0.785262249199119,606,"Becken"
3,71,0.729582632275411,607,""
3,72,0.69856739956935,608,""
3,73,0.62047752730039,609,""
3,74,0.502653853025005,610,""
3,75,0.420347826669863,611,""
3,76,0.316327824144402,612,""
3,77,0.230023939811753,613,""
3,78,0.170835358832702,614,""
3,79,0.109897844705635,615,""
3,80,0.16745063384194,616,""
3,81,0.0624352802336403,617,""
3,82,0.07331298893382,618,""
3,83,0.0450620857969172,619,""
3,84,0.03141877330073,620,""
3,85,0.0132690401777676,621,""
3,86,0.0714977738717298,622,""
3,87,0.0148394493137391,623,""
3,88,0.028703777838568,624,""
3,89,0.103842097919804,625,""
3,90,0.0354190096062908,626,""
3,91,0.00737522721378434,627,""
3,92,0.147769310073646,628,""
3,93,0.01674354277937,629,""
3,94,0.0767550501182337,630,""
3,95,0.013832599357477,631,""
3,96,0.028861636971753,632,""
3,97,0.0203691027018623,633,""
3,98,0.0287910466665428,634,""
3,99,0.00419139876801073,635,""
3,100,0.0128007814690173,636,""
3,101,0.0385016803477891,637,""
3,102,0.00429035079060425,638,""
3,103,0.0221516177160057,639,""
3,104,0.0276233764688465,640,""
3,105,0.0459256111954793,641,""
3,106,0.0293595955665999,642,""
3,107,0.0165968800948867,643,""
3,108,0.0681635069941635,644,""
3,109,0.0760739291152793,645,""
3,110,0.0314704967306424,646,""
3,111,0.0535063542038824,647,""
3,112,0.0265999559498925,648,""
3,113,0.0111265305968238,649,""
3,114,0.0202716820035801,650,""
3,115,0.00447019148387041,651,""
3,116,0.0332761302468955,652,""
3,117,0.0258597548815457,653,""
3,118,0.00683700607830219,654,""
3,119,0.0467285839230783,655,""
3,120,0.0513705317683133,656,""
3,121,0.0377104007005873,657,""
3,122,0.036718043372799,658,""
3,123,0.140156009391422,659,""
3,124,0.019984960037463,660,""
3,125,0.0500047095078541,661,""
3,126,0.087854898373853,662,""
3,127,0.017615592550495,663,""
3,128,0.077634288294776,664,""
3,129,0.0211675427755066,665,""
3,130,0.0148012840805748,666,""
3,131,0.00541839106917688,667,""
3,132,0.00918545690571691,668,""
3,133,0.0462280427107425,669,""
3,134,0.0151778355243578,670,""
3,135,0.0316586440106303,671,""
3,136,0.017658274165001,672,""
3,137,0.071854682612833,673,""
3,138,0.00648498915434688,674,""
3,139,0.00757453224730132,675,""
3,140,0.0776039068554586,676,""
3,141,0.0536813386707003,677,""
3,142,0.00989094940100071,678,""
3,143,0.0474270664251673,679,""
3,144,0.00364288834537693,680,""
3,145,0.00894841041265801,681,""
3,146,0.00859386585592103,682,""
3,147,0.00190292266962339,683,""
3,148,0.0218146749236241,684,""
3,149,0.0508943573527082,685,""
3,150,0.00315990921058463,686,""
3,151,0.000348024775615594,687,""
3,152,0.194418083986038,688,""
3,153,0.0114885389217512,689,""
3,154,0.00443694038067297,690,""
3,155,0.01714781788812,691,""
3,156,0.0430055917578692,692,""
3,157,0.0412479917257384,693,""
3,158,0.0610276399631553,694,""
3,159,0.0222526429237936,695,""
3,160,0.0250583217065396,696,""
3,161,0.00772287376858539,697,""
3,162,0.0605361641859968,698,""
3,163,0.0523942168222069,699,""
3,164,0.0543462611321907,700,""
3,165,0.17659938149537,701,""
3,166,0.00854573107700859,702,""
3,167,0.0784031048471944,703,""
3,168,0.0553390575247487,704,""
3,169,0.0367974123024306,705,""
3,170,0.0514061054058117,706,""
3,171,0.0316832609524808,707,""
3,172,0.0452815960912588,708,""
3,173,0.0270961785508555,709,""
3,174,0.0431604545956751,710,""
3,175,0.0387725289472071,711,""
3,176,0.031494645531464,712,""
3,177,0.00239499113534107,713,""
3,178,0.00197494663232235,714,""
3,179,0.0519564700990488,715,""
3,180,0.0378848809328974,716,""
3,181,0.0173829333389392,717,""
3,182,0.0153265917878615,718,""
3,183,0.043886447033167,719,""
3,184,0.0238069211083708,720,""
3,185,0.032836210669462,721,""
3,186,0.00477769220780507,722,""
3,187,0.013515868509322,723,""
3,188,0.0398653192804507,724,""
3,189,0.0834709908201684,725,""
3,190,0.0539330198422394,726,""
3,191,0.00502084038762931,727,""
3,192,0.0336599815227625,728,""
3,193,0.0776633926213454,729,""
3,194,0.0618350658085359,730,""
3,195,0.0273577885276167,731,""
3,196,0.0192282666610857,732,""
3,197,0.0414669016952452,733,""
3,198,0.0033969331315001,734,""
3,199,0.0156896855562604,735,""
3,200,0.0448090933787012,736,""
