"Country","MM","MN","NN"
"Russia",1743,3222,763
"Alaska",386,184,34
"Greenland",1160,780,141
"Greenland",475,89,5
"Greenland",646,90,3
"Yemen",285,186,29
"Austria",610,1018,372
"Austria",2185,2993,1379
"Austria",914,1548,538
"Austria",3156,4761,2083
"Belgium",586,973,402
"Belgium",895,1561,644
"Bulgaria",301,507,192
"Bulgaria",208,353,111
"Czechoslovakia",1149,2022,867
"Czechoslovakia",135,274,91
"Czechoslovakia",383,563,196
"Czechoslovakia",1457,2824,829
"Denmark",588,1002,433
"Denmark",1513,2587,1108
"Denmark",598,974,400
"Denmark",1270,2147,902
"Finland",341,428,122
"Finland",388,438,119
"Finland",251,254,83
"Finland",390,495,165
"Finland",487,664,195
"France",3356,5178,2160
"France",290,518,192
"France",355,518,208
"France",319,447,160
"France",292,465,202
"France",370,490,222
"Germany",4899,7861,3240
"Germany",141,264,120
"Germany",499,779,306
"Germany",1078,1895,833
"Germany",1446,2482,939
"Germany",2932,5008,2060
"Germany",274,567,218
"Germany",270,529,201
"Germany",230,417,153
"Germany",490,771,325
"Germany",588,982,430
"Germany",1724,3311,1443
"Germany",231,464,209
"Germany",327,542,224
"Germany",428,696,296
"Germany",3860,5878,2262
"Germany",191,324,148
"Germany",304,417,174
"Germany",1009,1574,682
"Germany",1217,1952,743
"Germany",860,1403,520
"Germany",157,303,86
"Germany",841,1415,557
"Germany",617,1018,383
"Greece",4788,7361,2721
"Hungary",4840,7350,2810
"Hungary",209,299,116
"Hungary",209,229,116
"Hungary",154,233,122
"Iceland",233,385,129
"Iceland",663,1031,335
"Italy",263,357,180
"Italy",741,1170,465
"Italy",365,472,133
"Italy",164,318,118
"Italy",254,736,174
"Italy",349,512,181
"Italy",221,518,111
"Italy",310,507,183
"Italy",291,522,187
"Italy",417,424,159
"Italy",227,368,149
"Italy",255,234,61
"Italy",194,286,76
"Jugoslavia",2895,3891,1492
"Jugoslavia",304,543,153
"Norway",178,292,130
"Norway",3506,5714,2424
"Norway",1483,2401,1014
"Poland",169,294,137
"Poland",1101,1496,503
"Poland",427,676,239
"Poland",11163,15267,5134
"Poland",410,532,177
"Poland",2286,3240,1126
"Poland",923,1464,500
"Portugal",475,926,408
"Portugal",186,362,150
"Portugal",287,521,238
"Portugal",170,308,144
"Romania",376,465,194
"Romania",221,408,163
"Romania",197,384,113
"Romania",147,331,126
"Romania",433,715,244
"Romania",250,270,121
"Romania",165,242,113
"Romania",144,221,114
"Romania",196,225,107
"Romania",198,405,140
"Romania",204,385,83
"Romania",425,802,276
"Spain",153,241,141
"Sweden",433,564,203
"Sweden",1359,1925,716
"Sweden",529,833,315
"Sweden",506,876,344
"Sweden",409,637,246
"Sweden",274,416,153
"Sweden",410,695,263
"Sweden",213,281,84
"Sweden",1028,1510,597
"Sweden",438,731,258
"Switzerland",1781,3103,1301
"Switzerland",1237,2066,922
"United Kingdom",279,436,185
"Caucasus",218,321,102
"Caucasus",198,230,72
"Caucasus",225,327,149
"Caucasus",3710,5013,1676
"Caucasus",176,256,91
"Caucasus",282,487,188
"tadzhikistan",213,302,144
"Uzbekistan",271,322,109
"Uzbekistan",207,916,142
"Siberia",261,209,31
"Turkey",411,619,236
"Turkey",763,1172,426
"Iran",312,489,242
"Lebanon",342,435,165
"Lebanon",140,259,104
"Ceylon",349,459,117
"Ceylon",607,358,103
"Ceylon",319,252,89
"India",190,238,101
"India",335,362,72
"India",348,582,193
"China",342,500,187
"China",201,341,128
"China",1651,2237,760
"China",134,693,177
"China",244,412,146
"China",170,351,169
"China",933,1515,536
"China",181,563,68
"China",256,408,153
"Japan",90,253,161
"Japan",406,744,332
"Japan",404,680,292
"Japan",172,278,112
"Japan",233,320,288
"Japan",295,509,196
"Japan",597,1014,389
"Japan",137,272,91
"Japan",628,966,367
"Japan",536,842,255
"Japan",478,763,323
"Japan",257,475,219
"Japan",259,404,138
"Japan",581,952,360
"Japan",963,1554,715
"Japan",187,400,156
"Japan",664,969,395
"Japan",207,278,161
"Japan",523,647,295
"Japan",357,519,224
"Japan",360,538,173
"Japan",140,269,107
"Japan",576,1122,423
"Japan",651,957,377
"Japan",896,1643,795
"Japan",303,434,118
"Japan",721,1412,753
"Libya",126,428,146
"Marocco",137,300,84
"Tunisia",140,263,129
"Egypt",250,152,106
"Egypt",176,238,102
"Egypt",140,245,117
"Ghana",243,490,120
"Liberia",130,296,187
"Somalia",251,510,239
"Congo",163,200,138
"Congo",366,564,270
"Mozambique",372,570,237
"Mozambique",152,259,126
"Canada",2370,2764,600
"US",287,353,144
"US",90,473,56
"US",227,441,224
"US",587,1208,391
"US",182,305,113
"US",166,289,127
"US",1037,1623,608
"US",287,481,186
"US",158,249,93
"US",424,730,258
"US",372,337,228
"US",154,298,158
"US",136,280,164
"US",119,242,139
"US",128,268,119
"Mexico",235,223,42
"Mexico",166,268,66
"Bolivia",872,969,266
"Surinam",178,428,298
"Australia",146,242,112
"New Caledonia",51,229,278
"New Guinea",12,110,1026
"West Irian",5,90,419
"Micronesia",228,436,298
"Micronesia",36,229,413
"Tahiti",188,296,96
