snp,AA,AB,BB
SNP_001,1,34,49
SNP_002,0,17,67
SNP_003,82,2,0
SNP_004,67,17,0
SNP_005,13,37,34
SNP_006,66,18,0
SNP_007,68,16,0
SNP_008,22,33,29
SNP_009,22,31,31
SNP_010,22,33,29
SNP_011,1,18,65
SNP_012,71,11,2
SNP_013,0,12,72
SNP_014,2,12,70
SNP_015,0,15,69
SNP_016,0,12,72
SNP_017,0,12,72
SNP_018,2,12,70
SNP_019,0,12,72
SNP_020,14,37,33
SNP_021,43,32,9
SNP_022,43,32,9
SNP_023,66,14,4
SNP_024,51,26,7
SNP_025,4,15,65
SNP_026,4,17,63
SNP_027,62,19,3
SNP_028,53,30,1
SNP_029,1,30,53
SNP_030,82,2,0
SNP_031,0,3,81
SNP_032,82,2,0
SNP_033,0,2,82
SNP_034,1,16,67
SNP_035,2,30,52
SNP_036,78,6,0
SNP_037,77,6,1
SNP_038,46,35,3
SNP_039,0,3,81
SNP_040,81,3,0
SNP_041,2,34,48
SNP_042,83,1,0
SNP_043,1,14,69
SNP_044,60,21,3
SNP_045,5,33,46
SNP_046,60,21,3
SNP_047,4,33,47
SNP_048,58,23,3
SNP_049,1,12,71
SNP_050,1,14,69
SNP_051,45,35,4
SNP_052,45,35,4
SNP_053,4,36,44
SNP_054,0,1,83
SNP_055,8,36,40
SNP_056,40,36,8
SNP_057,40,36,8
SNP_058,8,36,40
SNP_059,8,34,42
SNP_060,9,33,42
SNP_061,42,34,8
SNP_062,21,38,25
SNP_063,21,40,23
SNP_064,32,35,17
SNP_065,83,1,0
SNP_066,22,37,25
SNP_067,20,36,28
SNP_068,56,23,5
SNP_069,1,25,58
SNP_070,0,13,71
SNP_071,62,21,1
SNP_072,65,18,1
SNP_073,1,21,62
SNP_074,51,29,4
SNP_075,2,21,61
SNP_076,19,46,19
SNP_077,19,46,19
SNP_078,19,46,19
SNP_079,20,45,19
SNP_080,19,44,21
SNP_081,43,35,6
SNP_082,51,30,3
SNP_083,3,17,64
SNP_084,2,23,59
SNP_085,0,2,82
SNP_086,1,9,74
SNP_087,83,1,0
SNP_088,59,23,2
SNP_089,64,20,0
SNP_090,4,29,51
SNP_091,4,29,51
SNP_092,4,29,51
SNP_093,0,8,76
SNP_094,4,29,51
SNP_095,7,27,50
SNP_096,83,1,0
SNP_097,7,27,50
SNP_098,50,27,7
SNP_099,48,31,5
SNP_100,6,31,47
SNP_101,71,13,0
SNP_102,80,4,0
SNP_103,0,12,72
SNP_104,32,36,16
SNP_105,20,32,32
SNP_106,32,32,20
SNP_107,20,32,32
SNP_108,18,35,31
SNP_109,76,8,0
SNP_110,16,37,31
SNP_111,80,4,0
SNP_112,16,39,29
SNP_113,1,10,73
SNP_114,2,19,63
SNP_115,43,31,10
SNP_116,43,31,10
SNP_117,0,2,82
SNP_118,64,18,2
SNP_119,28,38,18
SNP_120,2,19,63
SNP_121,28,38,18
SNP_122,28,38,18
SNP_123,28,38,18
SNP_124,79,5,0
SNP_125,0,5,79
SNP_126,64,19,1
SNP_127,1,19,64
SNP_128,1,19,64
SNP_129,0,10,74
SNP_130,1,18,65
SNP_131,74,10,0
SNP_132,65,18,1
SNP_133,65,18,1
SNP_134,65,18,1
SNP_135,0,24,60
SNP_136,0,19,65
SNP_137,0,10,74
SNP_138,0,23,61
SNP_139,0,12,72
SNP_140,74,10,0
SNP_141,0,15,69
SNP_142,83,1,0
SNP_143,64,20,0
SNP_144,0,10,74
SNP_145,69,15,0
SNP_146,0,5,79
SNP_147,82,2,0
SNP_148,82,2,0
SNP_149,0,3,81
SNP_150,0,3,81
SNP_151,1,13,70
SNP_152,81,3,0
SNP_153,83,1,0
SNP_154,26,38,20
SNP_155,13,47,24
SNP_156,38,37,9
SNP_157,13,47,24
SNP_158,75,9,0
SNP_159,42,34,8
SNP_160,42,34,8
SNP_161,8,34,42
SNP_162,68,16,0
SNP_163,1,18,65
SNP_164,30,40,14
SNP_165,8,28,48
SNP_166,80,4,0
SNP_167,64,19,1
SNP_168,64,19,1
SNP_169,64,19,1
SNP_170,7,29,48
SNP_171,82,2,0
SNP_172,8,35,41
SNP_173,80,4,0
SNP_174,3,29,52
SNP_175,3,29,52
SNP_176,66,17,1
SNP_177,65,18,1
SNP_178,1,18,65
SNP_179,25,43,16
SNP_180,47,29,8
SNP_181,47,29,8
SNP_182,1,18,65
SNP_183,1,18,65
SNP_184,1,18,65
SNP_185,48,32,4
SNP_186,42,39,3
SNP_187,8,36,40
SNP_188,5,35,44
SNP_189,10,47,27
SNP_190,0,3,81
SNP_191,60,22,2
SNP_192,53,29,2
SNP_193,8,50,26
SNP_194,2,27,55
SNP_195,28,50,6
SNP_196,4,35,45
SNP_197,22,40,22
SNP_198,62,20,2
SNP_199,22,40,22
SNP_200,39,28,17
SNP_201,5,25,54
SNP_202,35,35,14
SNP_203,5,34,45
SNP_204,36,40,8
SNP_205,5,35,44
SNP_206,13,41,30
SNP_207,46,33,5
SNP_208,12,43,29
SNP_209,21,51,12
SNP_210,11,40,33
SNP_211,3,24,57
SNP_212,57,24,3
SNP_213,56,24,4
SNP_214,3,26,55
SNP_215,18,48,18
SNP_216,51,31,2
SNP_217,2,31,51
SNP_218,2,17,65
SNP_219,17,49,18
SNP_220,1,6,77
SNP_221,17,49,18
SNP_222,57,24,3
SNP_223,8,35,41
SNP_224,56,25,3
SNP_225,17,49,18
