snp,class,pop,n,AA,AB,BB
SIM_similar_01,aehnlich,CEU,99,8,41,50
SIM_similar_01,aehnlich,YRI,108,10,45,53
SIM_similar_02,aehnlich,CEU,99,62,33,4
SIM_similar_02,aehnlich,YRI,108,65,38,5
SIM_similar_03,aehnlich,CEU,99,5,34,60
SIM_similar_03,aehnlich,YRI,108,6,39,63
SIM_similar_04,aehnlich,CEU,99,27,49,23
SIM_similar_04,aehnlich,YRI,108,31,54,23
SIM_similar_05,aehnlich,CEU,99,66,30,3
SIM_similar_05,aehnlich,YRI,108,68,36,4
SIM_similar_06,aehnlich,CEU,99,12,44,43
SIM_similar_06,aehnlich,YRI,108,13,48,47
SIM_similar_07,aehnlich,CEU,99,14,46,39
SIM_similar_07,aehnlich,YRI,108,15,51,42
SIM_similar_08,aehnlich,CEU,99,11,44,44
SIM_similar_08,aehnlich,YRI,108,11,46,51
SIM_similar_09,aehnlich,CEU,99,17,49,33
SIM_similar_09,aehnlich,YRI,108,21,54,33
SIM_similar_10,aehnlich,CEU,99,29,49,21
SIM_similar_10,aehnlich,YRI,108,34,53,21
SIM_similar_11,aehnlich,CEU,99,59,35,5
SIM_similar_11,aehnlich,YRI,108,67,36,5
SIM_similar_12,aehnlich,CEU,99,9,41,49
SIM_similar_12,aehnlich,YRI,108,9,43,56
SIM_similar_13,aehnlich,CEU,99,6,37,56
SIM_similar_13,aehnlich,YRI,108,7,39,62
SIM_similar_14,aehnlich,CEU,99,20,50,29
SIM_similar_14,aehnlich,YRI,108,26,53,29
SIM_similar_15,aehnlich,CEU,99,6,37,56
SIM_similar_15,aehnlich,YRI,108,8,44,56
SIM_similar_16,aehnlich,CEU,99,21,49,29
SIM_similar_16,aehnlich,YRI,108,20,54,34
SIM_similar_17,aehnlich,CEU,99,12,44,43
SIM_similar_17,aehnlich,YRI,108,11,46,51
SIM_similar_18,aehnlich,CEU,99,3,26,70
SIM_similar_18,aehnlich,YRI,108,3,28,77
SIM_similar_19,aehnlich,CEU,99,32,48,19
SIM_similar_19,aehnlich,YRI,108,36,52,20
SIM_similar_20,aehnlich,CEU,99,18,49,32
SIM_similar_20,aehnlich,YRI,108,19,53,36
SIM_similar_21,aehnlich,CEU,99,52,39,8
SIM_similar_21,aehnlich,YRI,108,53,46,9
SIM_similar_22,aehnlich,CEU,99,52,40,7
SIM_similar_22,aehnlich,YRI,108,58,42,8
SIM_similar_23,aehnlich,CEU,99,63,32,4
SIM_similar_23,aehnlich,YRI,108,70,34,4
SIM_similar_24,aehnlich,CEU,99,46,43,10
SIM_similar_24,aehnlich,YRI,108,47,48,13
SIM_similar_25,aehnlich,CEU,99,49,42,8
SIM_similar_25,aehnlich,YRI,108,55,44,9
SIM_similar_26,aehnlich,CEU,99,17,49,33
SIM_similar_26,aehnlich,YRI,108,19,53,36
SIM_similar_27,aehnlich,CEU,99,62,33,4
SIM_similar_27,aehnlich,YRI,108,73,32,3
SIM_similar_28,aehnlich,CEU,99,64,31,4
SIM_similar_28,aehnlich,YRI,108,68,36,4
SIM_similar_29,aehnlich,CEU,99,11,43,45
SIM_similar_29,aehnlich,YRI,108,11,46,51
SIM_similar_30,aehnlich,CEU,99,8,41,50
SIM_similar_30,aehnlich,YRI,108,8,41,59
SIM_similar_31,aehnlich,CEU,99,34,48,17
SIM_similar_31,aehnlich,YRI,108,35,53,20
SIM_similar_32,aehnlich,CEU,99,57,36,6
SIM_similar_32,aehnlich,YRI,108,67,36,5
SIM_similar_33,aehnlich,CEU,99,70,26,3
SIM_similar_33,aehnlich,YRI,108,81,25,2
SIM_similar_34,aehnlich,CEU,99,59,35,5
SIM_similar_34,aehnlich,YRI,108,61,40,7
SIM_similar_35,aehnlich,CEU,99,64,31,4
SIM_similar_35,aehnlich,YRI,108,73,31,4
SIM_similar_36,aehnlich,CEU,99,53,39,7
SIM_similar_36,aehnlich,YRI,108,60,41,7
SIM_similar_37,aehnlich,CEU,99,7,37,55
SIM_similar_37,aehnlich,YRI,108,8,44,56
SIM_similar_38,aehnlich,CEU,99,3,27,69
SIM_similar_38,aehnlich,YRI,108,4,33,71
SIM_similar_39,aehnlich,CEU,99,3,29,67
SIM_similar_39,aehnlich,YRI,108,4,33,71
SIM_similar_40,aehnlich,CEU,99,21,49,29
SIM_similar_40,aehnlich,YRI,108,22,53,33
SIM_diff_01,differenziert,CEU,99,4,33,62
SIM_diff_01,differenziert,YRI,108,101,7,0
SIM_diff_02,differenziert,CEU,99,2,21,76
SIM_diff_02,differenziert,YRI,108,65,37,6
SIM_diff_03,differenziert,CEU,99,4,32,63
SIM_diff_03,differenziert,YRI,108,102,6,0
SIM_diff_04,differenziert,CEU,99,3,30,66
SIM_diff_04,differenziert,YRI,108,85,22,1
SIM_diff_05,differenziert,CEU,99,1,20,78
SIM_diff_05,differenziert,YRI,108,68,35,5
SIM_diff_06,differenziert,CEU,99,87,12,0
SIM_diff_06,differenziert,YRI,108,1,14,93
SIM_diff_07,differenziert,CEU,99,73,24,2
SIM_diff_07,differenziert,YRI,108,2,23,83
SIM_diff_08,differenziert,CEU,99,83,15,1
SIM_diff_08,differenziert,YRI,108,3,27,78
SIM_diff_09,differenziert,CEU,99,1,20,78
SIM_diff_09,differenziert,YRI,108,96,12,0
SIM_diff_10,differenziert,CEU,99,2,21,76
SIM_diff_10,differenziert,YRI,108,82,24,2
